{"cameraMode":{"drawMode":0,"name":"Shaded","section":"Shading Mode"},"sceneLighting":false,"audioPlay":false,"sceneViewState":{"m_AlwaysRefresh":false,"showFog":true,"showSkybox":false,"showFlares":true,"showImageEffects":true,"showParticleSystems":true,"showVisualEffectGraphs":true,"m_FxEnabled":true},"in2DMode":false,"pivot":{"x":-0.5193116068840027,"y":0.29100000858306887,"z":-1.7238178253173829},"rotation":{"x":-0.24728652834892274,"y":0.21608753502368928,"z":-0.05667494982481003,"w":-0.9428425431251526},"size":0.4901163876056671,"orthographic":false}