{"cameraMode":{"drawMode":0,"name":"Shaded","section":"Shading Mode"},"sceneLighting":false,"audioPlay":false,"sceneViewState":{"m_AlwaysRefresh":false,"showFog":true,"showSkybox":false,"showFlares":true,"showImageEffects":true,"showParticleSystems":true,"showVisualEffectGraphs":true,"m_FxEnabled":true},"in2DMode":false,"pivot":{"x":1.7382631301879883,"y":-0.47699999809265139,"z":-0.7139999866485596},"rotation":{"x":0.22631549835205079,"y":0.39529746770858767,"z":-0.10114636272192002,"w":0.8844776153564453},"size":91.41171264648438,"orthographic":true}